id,name,company,industry,size,source,created_at
1,Rebecca Morrow,Harris-Flores,Technology,242,Email,2025-06-23T09:48:24.583791Z
2,Debra Hughes,Benson-Mason,Healthcare,483,Email,2025-06-24T09:48:24.584309Z
3,Christopher Landry,"Martin, Luna and Davidson",Healthcare,73,Referral,2025-06-01T09:48:24.584309Z
4,Matthew Hodges,Horton-Frost,Finance,59,Referral,2025-05-31T09:48:24.584805Z
5,Diana Miller,"Buchanan, Williams and Benson",Healthcare,394,Organic,2025-06-01T09:48:24.584805Z
6,Elizabeth Smith,"Davis, Rogers and Hernandez",Technology,496,Organic,2025-05-28T09:48:24.585301Z
7,Sarah Wilson,Miles LLC,Healthcare,11,PPC,2025-06-14T09:48:24.585797Z
8,Matthew Baker,"Beasley, Cohen and Gonzalez",Finance,407,PPC,2025-06-14T09:48:24.585797Z
9,Lisa Poole,"Reed, Barber and Brown",Healthcare,357,PPC,2025-06-14T09:48:24.585797Z
10,Alicia Little,Fowler-Miller,Finance,295,PPC,2025-06-26T09:48:24.586296Z
11,Christine Benitez,"Williams, Ramirez and Evans",Technology,493,Organic,2025-06-18T09:48:24.586761Z
12,Melissa Hamilton,Wells-Adkins,Technology,188,Email,2025-05-29T09:48:24.586761Z
13,Jessica Suarez,Rice-Anderson,Finance,209,Email,2025-06-23T09:48:24.586761Z
14,Laura Miranda,"Moore, Anderson and Jackson",Technology,61,Organic,2025-06-05T09:48:24.587296Z
15,Sarah Jones,Bradley-Simmons,Healthcare,343,PPC,2025-05-29T09:48:24.587296Z
16,Joshua Chandler,Smith-Caldwell,Finance,38,Email,2025-06-26T09:48:24.587785Z
17,Ian Ellison,Summers Ltd,Healthcare,167,Referral,2025-06-15T09:48:24.587785Z
18,Rachel Williams,"Cruz, Taylor and Dickson",Manufacturing,444,Organic,2025-06-04T09:48:24.588281Z
19,Rebecca Bailey,Bradley-Shah,Technology,93,Email,2025-06-14T09:48:24.588281Z
20,Jeffrey Villegas,"Wilson, Park and Townsend",Technology,85,PPC,2025-05-29T09:48:24.588779Z
21,Ashley Henry,"Haley, Burke and Cook",Finance,274,Organic,2025-06-26T09:48:24.588779Z
22,Elizabeth Bailey,"Martin, Castillo and Ballard",Healthcare,421,Email,2025-06-16T09:48:24.589273Z
23,Kenneth Green,Jackson and Sons,Finance,419,PPC,2025-06-16T09:48:24.589273Z
24,Xavier Sullivan,Owens Ltd,Finance,268,Organic,2025-05-28T09:48:24.589768Z
25,Daniel Gallagher,Peterson-Hudson,Finance,355,Email,2025-06-11T09:48:24.589768Z
26,Terry Lee,Robinson LLC,Technology,437,Organic,2025-05-31T09:48:24.589768Z
27,Johnny Taylor,Warren Ltd,Manufacturing,170,Email,2025-06-01T09:48:24.590264Z
28,Tyrone Mullins,Lozano LLC,Manufacturing,5,Organic,2025-06-14T09:48:24.590264Z
29,Brian Fisher,"Marquez, Jones and Smith",Healthcare,102,Referral,2025-05-30T09:48:24.590264Z
30,Christopher Gilbert,"Ray, Gonzales and Swanson",Technology,337,PPC,2025-06-16T09:48:24.590761Z
31,Duane Burns,"Chandler, Thomas and Morgan",Finance,330,Email,2025-06-19T09:48:24.591225Z
32,Derek Sullivan,Cervantes and Sons,Healthcare,353,Referral,2025-06-12T09:48:24.591225Z
33,Timothy Ayala,Alvarez-Brown,Technology,218,Organic,2025-06-01T09:48:24.591225Z
34,Tina Taylor,Miller Group,Technology,190,Email,2025-06-08T09:48:24.591721Z
35,Christopher Marshall,Jackson Inc,Manufacturing,86,Referral,2025-06-02T09:48:24.591721Z
36,Kayla Hill,"Blevins, Chambers and Cochran",Technology,51,Organic,2025-06-04T09:48:24.592217Z
37,Seth Holmes,"Craig, Collins and Bridges",Manufacturing,462,Organic,2025-05-28T09:48:24.592217Z
38,Michelle Gilbert,Gillespie Ltd,Healthcare,217,Organic,2025-06-18T09:48:24.592713Z
39,Heidi Wolfe,Smith Ltd,Technology,327,Referral,2025-06-13T09:48:24.592713Z
40,Shane York,Smith-Hoffman,Technology,128,Organic,2025-05-29T09:48:24.592713Z
41,Cynthia Aguirre,Beasley PLC,Manufacturing,376,Organic,2025-06-23T09:48:24.593705Z
42,Sarah Blair,Baldwin LLC,Technology,163,Email,2025-06-11T09:48:24.593705Z
43,Shannon Allen,Smith-Wood,Finance,19,Email,2025-06-01T09:48:24.594210Z
44,Andrew Castillo,"Bentley, Coleman and Fisher",Manufacturing,425,Referral,2025-06-17T09:48:24.594718Z
45,Jaime Clark,Jones-Hickman,Healthcare,345,Referral,2025-06-05T09:48:24.595193Z
46,Beth Wood,Jordan PLC,Healthcare,462,PPC,2025-06-02T09:48:24.595689Z
47,Tammy Golden,Jenkins Inc,Technology,130,Organic,2025-05-29T09:48:24.595689Z
48,David Powell,Terry PLC,Finance,209,PPC,2025-06-25T09:48:24.596185Z
49,Jill Farley,Bryant-Lawrence,Healthcare,223,PPC,2025-06-27T09:48:24.596185Z
50,Amanda Tyler,Hernandez and Sons,Manufacturing,27,Email,2025-06-03T09:48:24.596681Z
